{
  "0xecb63caa47c7c4e77f60f1ce858cf28dc2b82b00": {
    "rank": 2,
    "allTime_pnl": 203286376.111334,
    "month_pnl": 1711400.151891,
    "allTime_vlm": 247546335570.07,
    "total_fills": 12542,
    "total_open_fills": 5691,
    "tradable_open_fills": 869,
    "entries_analyzed": 869,
    "by_coin": {
      "BTC": 733,
      "SOL": 1,
      "ETH": 135
    },
    "momentum": 1,
    "contrarian": 140,
    "neutral": 728,
    "missing_price": 0,
    "momentum_pct": 0.11507479861910241,
    "contrarian_pct": 16.110471806674337,
    "neutral_pct": 83.77445339470655,
    "momentum_pct_directional": 0.7092198581560284,
    "label": "STRUCTURAL CANDIDATE"
  },
  "0x5b5d51203a0f9079f8aeb098a6523a13f298c060": {
    "rank": 4,
    "allTime_pnl": 180310017.305842,
    "month_pnl": 4002317.292164,
    "allTime_vlm": 4124964986.38,
    "total_fills": 31598,
    "total_open_fills": 3109,
    "tradable_open_fills": 2940,
    "entries_analyzed": 2940,
    "by_coin": {
      "BTC": 2870,
      "ETH": 70
    },
    "momentum": 1698,
    "contrarian": 0,
    "neutral": 1242,
    "missing_price": 0,
    "momentum_pct": 57.755102040816325,
    "contrarian_pct": 0.0,
    "neutral_pct": 42.244897959183675,
    "momentum_pct_directional": 100.0,
    "label": "MIXED"
  },
  "0x7fdafde5cfb5465924316eced2d3715494c517d1": {
    "rank": 5,
    "allTime_pnl": 159484485.209886,
    "month_pnl": -785288.7824070001,
    "allTime_vlm": 10960503529.650002,
    "total_fills": 13175,
    "total_open_fills": 8845,
    "tradable_open_fills": 4413,
    "entries_analyzed": 4413,
    "by_coin": {
      "ETH": 3225,
      "BTC": 1169,
      "SOL": 19
    },
    "momentum": 139,
    "contrarian": 3159,
    "neutral": 1115,
    "missing_price": 0,
    "momentum_pct": 3.1497847269431225,
    "contrarian_pct": 71.5839564921822,
    "neutral_pct": 25.26625878087469,
    "momentum_pct_directional": 4.214675560946028,
    "label": "STRUCTURAL CANDIDATE"
  },
  "0xb83de012dba672c76a7dbbbf3e459cb59d7d6e36": {
    "rank": 9,
    "allTime_pnl": 123584642.162079,
    "month_pnl": 46050.898517,
    "allTime_vlm": 3807975765.8199997,
    "total_fills": 28232,
    "total_open_fills": 7875,
    "tradable_open_fills": 2197,
    "entries_analyzed": 2197,
    "by_coin": {
      "ETH": 609,
      "SOL": 1566,
      "BTC": 22
    },
    "momentum": 432,
    "contrarian": 1305,
    "neutral": 460,
    "missing_price": 0,
    "momentum_pct": 19.663177059626765,
    "contrarian_pct": 59.399180700955846,
    "neutral_pct": 20.937642239417386,
    "momentum_pct_directional": 24.870466321243523,
    "label": "STRUCTURAL CANDIDATE"
  },
  "0x880ac484a1743862989a441d6d867238c7aa311c": {
    "rank": 11,
    "allTime_pnl": 113958924.381557,
    "month_pnl": 663062.751375,
    "allTime_vlm": 6575830063.56,
    "total_fills": 16631,
    "total_open_fills": 4445,
    "tradable_open_fills": 3136,
    "entries_analyzed": 3136,
    "by_coin": {
      "BTC": 1046,
      "SOL": 869,
      "ETH": 1221
    },
    "momentum": 521,
    "contrarian": 793,
    "neutral": 1822,
    "missing_price": 0,
    "momentum_pct": 16.613520408163264,
    "contrarian_pct": 25.286989795918366,
    "neutral_pct": 58.099489795918366,
    "momentum_pct_directional": 39.64992389649924,
    "label": "STRUCTURAL CANDIDATE"
  },
  "0xa312114b5795dff9b8db50474dd57701aa78ad1e": {
    "rank": 14,
    "allTime_pnl": 96373040.003646,
    "month_pnl": 2617272.024006,
    "allTime_vlm": 1171902593.69,
    "total_fills": 16541,
    "total_open_fills": 10274,
    "tradable_open_fills": 0,
    "entries_analyzed": 0,
    "by_coin": {},
    "momentum": 0,
    "contrarian": 0,
    "neutral": 0,
    "missing_price": 0,
    "momentum_pct": null,
    "contrarian_pct": null,
    "neutral_pct": null,
    "momentum_pct_directional": null,
    "label": "UNDERPOWERED"
  },
  "0x2e3d94f0562703b25c83308a05046ddaf9a8dd14": {
    "rank": 16,
    "allTime_pnl": 84592536.79,
    "month_pnl": -613514.056451,
    "allTime_vlm": 3333636686.01,
    "total_fills": 72,
    "total_open_fills": 0,
    "tradable_open_fills": 0,
    "entries_analyzed": 0,
    "by_coin": {},
    "momentum": 0,
    "contrarian": 0,
    "neutral": 0,
    "missing_price": 0,
    "momentum_pct": null,
    "contrarian_pct": null,
    "neutral_pct": null,
    "momentum_pct_directional": null,
    "label": "UNDERPOWERED"
  },
  "0xd47587702a91731dc1089b5db0932cf820151a91": {
    "rank": 17,
    "allTime_pnl": 81677637.42280999,
    "month_pnl": 674234.273407,
    "allTime_vlm": 4245748419.15,
    "total_fills": 16570,
    "total_open_fills": 691,
    "tradable_open_fills": 634,
    "entries_analyzed": 634,
    "by_coin": {
      "ETH": 3,
      "BTC": 631
    },
    "momentum": 110,
    "contrarian": 83,
    "neutral": 441,
    "missing_price": 0,
    "momentum_pct": 17.350157728706623,
    "contrarian_pct": 13.091482649842272,
    "neutral_pct": 69.5583596214511,
    "momentum_pct_directional": 56.994818652849744,
    "label": "STRUCTURAL CANDIDATE"
  },
  "0x45d26f28196d226497130c4bac709d808fed4029": {
    "rank": 18,
    "allTime_pnl": 80001127.375526,
    "month_pnl": -388654.497579,
    "allTime_vlm": 644299638.07,
    "total_fills": 10591,
    "total_open_fills": 1954,
    "tradable_open_fills": 15,
    "entries_analyzed": 15,
    "by_coin": {
      "ETH": 15
    },
    "momentum": 0,
    "contrarian": 0,
    "neutral": 15,
    "missing_price": 0,
    "momentum_pct": 0.0,
    "contrarian_pct": 0.0,
    "neutral_pct": 100.0,
    "momentum_pct_directional": null,
    "label": "UNDERPOWERED"
  },
  "0xbdfa4f4492dd7b7cf211209c4791af8d52bf5c50": {
    "rank": 19,
    "allTime_pnl": 75979376.378213,
    "month_pnl": 771525.380715,
    "allTime_vlm": 102076235.45,
    "total_fills": 69,
    "total_open_fills": 44,
    "tradable_open_fills": 0,
    "entries_analyzed": 0,
    "by_coin": {},
    "momentum": 0,
    "contrarian": 0,
    "neutral": 0,
    "missing_price": 0,
    "momentum_pct": null,
    "contrarian_pct": null,
    "neutral_pct": null,
    "momentum_pct_directional": null,
    "label": "UNDERPOWERED"
  },
  "0x023a3d058020fb76cca98f01b3c48c8938a22355": {
    "rank": 21,
    "allTime_pnl": 67210200.80336599,
    "month_pnl": 1766490.379778,
    "allTime_vlm": 228772238448.96,
    "total_fills": 16655,
    "total_open_fills": 8438,
    "tradable_open_fills": 3987,
    "entries_analyzed": 3987,
    "by_coin": {
      "ETH": 2136,
      "BTC": 1675,
      "SOL": 176
    },
    "momentum": 1229,
    "contrarian": 890,
    "neutral": 1868,
    "missing_price": 0,
    "momentum_pct": 30.825181840983195,
    "contrarian_pct": 22.322548281916227,
    "neutral_pct": 46.852269877100575,
    "momentum_pct_directional": 57.99905615856536,
    "label": "MIXED"
  },
  "0x5d2f4460ac3514ada79f5d9838916e508ab39bb7": {
    "rank": 23,
    "allTime_pnl": 63092805.265743,
    "month_pnl": 1751644.483393,
    "allTime_vlm": 1613777321.16,
    "total_fills": 1064,
    "total_open_fills": 461,
    "tradable_open_fills": 0,
    "entries_analyzed": 0,
    "by_coin": {},
    "momentum": 0,
    "contrarian": 0,
    "neutral": 0,
    "missing_price": 0,
    "momentum_pct": null,
    "contrarian_pct": null,
    "neutral_pct": null,
    "momentum_pct_directional": null,
    "label": "UNDERPOWERED"
  },
  "0x8af700ba841f30e0a3fcb0ee4c4a9d223e1efa05": {
    "rank": 24,
    "allTime_pnl": 62886408.446647,
    "month_pnl": 3573582.452353,
    "allTime_vlm": 4639669570.67,
    "total_fills": 22990,
    "total_open_fills": 8347,
    "tradable_open_fills": 0,
    "entries_analyzed": 0,
    "by_coin": {},
    "momentum": 0,
    "contrarian": 0,
    "neutral": 0,
    "missing_price": 0,
    "momentum_pct": null,
    "contrarian_pct": null,
    "neutral_pct": null,
    "momentum_pct_directional": null,
    "label": "UNDERPOWERED"
  },
  "0x35d1151ef1aab579cbb3109e69fa82f94ff5acb1": {
    "rank": 27,
    "allTime_pnl": 59088891.742638,
    "month_pnl": 1162247.011469,
    "allTime_vlm": 607710718.09,
    "total_fills": 11292,